model,family,val_RMSE,val_MAE,val_R2,test_RMSE,test_MAE,test_R2,train_sec,iters,best_epoch
"Hybrid NN (emb=64, h=256, drop=0.3, wd=0.1)",pytorch,0.8529229102925697,0.6671247482299805,0.4170377254486084,0.8546355557740427,0.6679391860961914,0.4140473008155823,3.9569754600524902,,6.0
"Hybrid NN (emb=32, h=128, drop=0.3, wd=0.2)",pytorch,0.8536557359724259,0.6679590344429016,0.416035532951355,0.8553050333072775,0.6692761778831482,0.41312891244888306,5.198930263519287,,10.0
"Hybrid NN (emb=32, h=128, drop=0.3, wd=0.2)",pytorch,0.8538105191162488,0.667598307132721,0.415823757648468,0.8546465053176466,0.668150007724762,0.4140322208404541,5.337041616439819,,11.0
"Hybrid NN (emb=64, h=256, drop=0.3, wd=0.1)",pytorch,0.854884640624384,0.6707213521003723,0.41435301303863525,0.8565607982619986,0.6717998385429382,0.4114043712615967,3.7110443115234375,,6.0
"Hybrid NN (emb=32, h=128, drop=0.2, wd=0.05)",pytorch,0.8562788241470282,0.6694984436035156,0.4124412536621094,0.857966465152386,0.6710609793663025,0.40947091579437256,4.30364465713501,,8.0
"Hybrid NN (emb=32, h=128, drop=0.2, wd=0.05)",pytorch,0.8568348536974746,0.669005811214447,0.4116779565811157,0.8573767230890703,0.6699810028076172,0.4102824926376343,4.871992826461792,,9.0
"MF (emb=64, wd=0.2)",pytorch,0.8646165006472687,0.678103506565094,0.4009432792663574,0.8663179316451209,0.6796718835830688,0.3979185223579407,1.6976454257965088,,4.0
"MF (emb=64, wd=0.2)",pytorch,0.8666948861027268,0.6801083087921143,0.39805978536605835,0.8671613122233551,0.6804820895195007,0.3967456817626953,1.682370901107788,,4.0
"MF (emb=32, wd=0.05)",pytorch,0.8670081219430227,0.6786945462226868,0.3976246118545532,0.8708071729086001,0.681586503982544,0.3916624188423157,1.5955157279968262,,4.0
"MF (emb=32, wd=0.05)",pytorch,0.8695088153148756,0.6818060874938965,0.39414477348327637,0.87098179940304,0.6816043853759766,0.3914183974266052,1.88960862159729,,4.0
"HistGB (lr=0.1, leaves=31)",gbm,0.91860071158396,0.7295441977351692,0.32380106716082147,0.9217461683321693,0.7318709537887782,0.31840982624641667,19.094699382781982,300.0,
Ridge (alpha=1),linear,0.9206522575119119,0.7294532060623169,0.32077735662460327,0.9244997192390638,0.7325792908668518,0.3143314719200134,0.3456263542175293,,
Ridge (alpha=10),linear,0.9206523222536667,0.7294537425041199,0.3207772970199585,0.9244996870029016,0.7325795888900757,0.3143315315246582,0.39856982231140137,,
Ridge (alpha=100),linear,0.9206526459623722,0.7294586896896362,0.3207768201828003,0.9244995580582416,0.7325826287269592,0.31433171033859253,0.32567787170410156,,
"HistGB (lr=0.05, leaves=63)",gbm,0.9206532394437805,0.7313614378265675,0.3207758839298327,0.9239427843934535,0.7338634609792604,0.315157356194111,40.71279335021973,500.0,
User mean + movie mean (additive),baseline,0.929823742808597,0.7303301820242987,0.30717717156166635,0.9343510719596763,0.7348424610275124,0.2996408366559058,0.0,,
Global mean,baseline,1.1171216862661528,0.9341601217745402,-5.0408109102617615e-05,1.1164786679088907,0.9329034956474733,-3.449442308456341e-06,0.0,,
